{
    "siteVersion": 3,
    "request": {
        "application": {
            "name": "coder-python",
            "version": "1.80.2"
        },
        "product": {
            "id": "u1-standard-1",
            "category": "u1-standard",
            "provider": "ucloud"
        },
        "name": "Salariespygruop7",
        "replicas": 1,
        "parameters": {
        },
        "resources": [
            {
                "path": "/815808/assignmentgroup7",
                "type": "file",
                "readOnly": false
            }
        ],
        "timeAllocation": {
            "hours": 120,
            "minutes": 0,
            "seconds": 0
        },
        "resolvedProduct": null,
        "resolvedApplication": null,
        "resolvedSupport": null,
        "allowDuplicateJob": true,
        "sshEnabled": true
    },
    "resolvedResources": {
        "ingress": {
        }
    },
    "machineType": {
        "cpu": 1,
        "memoryInGigs": 6
    }
}